
{
  "indexes": [
    {
      "collectionGroup": "scheduledClasses",
      "queryScope": "COLLECTION",
      "fields": [
        { "fieldPath": "studentId", "order": "ASCENDING" },
        { "fieldPath": "date", "order": "ASCENDING" }
      ]
    },
    {
      "collectionGroup": "scheduledClasses",
      "queryScope": "COLLECTION",
      "fields": [
        { "fieldPath": "professionalId", "order": "ASCENDING" },
        { "fieldPath": "date", "order": "ASCENDING" }
      ]
    },
    {
      "collectionGroup": "scheduledClasses",
      "queryScope": "COLLECTION",
      "fields": [
        { "fieldPath": "packageId", "order": "ASCENDING" }
      ]
    },
    {
      "collectionGroup": "scheduledClasses",
      "queryScope": "COLLECTION",
      "fields": [
        { "fieldPath": "date", "order": "ASCENDING" }
      ]
    },
    {
      "collectionGroup": "transactions",
      "queryScope": "COLLECTION",
      "fields": [
        { "fieldPath": "studentId", "order": "ASCENDING" },
        { "fieldPath": "date", "order": "DESCENDING" }
      ]
    },
    {
      "collectionGroup": "transactions",
      "queryScope": "COLLECTION",
      "fields": [
        { "fieldPath": "type", "order": "ASCENDING" },
        { "fieldPath": "professionalId", "order": "ASCENDING" }
      ]
    },
    {
      "collectionGroup": "transactions",
      "queryScope": "COLLECTION",
      "fields": [
        { "fieldPath": "date", "order": "DESCENDING" }
      ]
    },
    {
      "collectionGroup": "transactions",
      "queryScope": "COLLECTION",
      "fields": [
        { "fieldPath": "classId", "order": "ASCENDING" }
      ]
    },
    {
      "collectionGroup": "notifications",
      "queryScope": "COLLECTION",
      "fields": [
        { "fieldPath": "recipientUid", "order": "ASCENDING" },
        { "fieldPath": "createdAt", "order": "DESCENDING" }
      ]
    },
    {
      "collectionGroup": "classPackages",
      "queryScope": "COLLECTION",
      "fields": [
        { "fieldPath": "purchaseDate", "order": "DESCENDING" }
      ]
    },
    {
      "collectionGroup": "groupAttendance",
      "queryScope": "COLLECTION",
      "fields": [
        { "fieldPath": "groupId", "order": "ASCENDING" },
        { "fieldPath": "date", "order": "ASCENDING" }
      ]
    },
    {
      "collectionGroup": "groupStudentDailyReports",
      "queryScope": "COLLECTION",
      "fields": [
        { "fieldPath": "groupId", "order": "ASCENDING" },
        { "fieldPath": "date", "order": "ASCENDING" }
      ]
    },
    {
      "collectionGroup": "groupStudentDailyReports",
      "queryScope": "COLLECTION",
      "fields": [
        { "fieldPath": "studentId", "order": "ASCENDING" },
        { "fieldPath": "date", "order": "DESCENDING" }
      ]
    },
    {
      "collectionGroup": "savedCreativeIdeas",
      "queryScope": "COLLECTION",
      "fields": [
        { "fieldPath": "professionalId", "order": "ASCENDING" },
        { "fieldPath": "createdAt", "order": "DESCENDING" }
      ]
    }
  ],
  "fieldOverrides": []
}